Название,Цена,URL
Подвесной светильник Tureis,3890,https://www.divan.ru/product/podvesnoj-svetilnik-tureis
Бра Bolla-Unica,5290,https://www.divan.ru/product/bra-bolla-unica
Светильник потолочный Matthew,5690,https://www.divan.ru/product/svetilnik-potolochnyj-matthew
Бра Galdakao-1,6590,https://www.divan.ru/product/bra-galdakao
Подвесной светильник Moderli Lewes,14 690,https://www.divan.ru/product/podvesnoj-svetilnik-moderli-lewes
Подвесной светильник Moderli Alina,11 990,https://www.divan.ru/product/podvesnoj-svetilnik-moderli-alina
Бра Moderli Birds-2,13 290,https://www.divan.ru/product/bra-moderli-birds-2
Бра Moderli Alina,3190,https://www.divan.ru/product/bra-moderli-alina
Подвесной светильник Narices,10 690,https://www.divan.ru/product/podvesnoj-svetilnik-narices
Подвесной светильник Narices-1,30 290,https://www.divan.ru/product/podvesnoj-svetilnik-narices-1
Подвесной светильник Moderli Host-1,5490,https://www.divan.ru/product/podvesnoj-svetilnik-moderli-host-1
Подвесной светильник Volare,4590,https://www.divan.ru/product/podvesnoj-svetilnik-volare
Подвесной светильник Маро Green,9990,https://www.divan.ru/product/podvesnoj-svetilnik-maro-green
Светильник потолочный Банджи White,8390,https://www.divan.ru/product/svetilnik-potolochnyj-bandji-white
Подвесной светильник Кэндел White,3990,https://www.divan.ru/product/podvesnoj-svetilnik-kendel-white
Бра Варио Black,1490,https://www.divan.ru/product/bra-vario-black
Подвесной светильник Нести Black,6190,https://www.divan.ru/product/podvesnoj-svetilnik-nesti-black
Подвесной светильник Бабл-3,6990,https://www.divan.ru/product/podvesnoj-svetilnik-babl-3
Подвесной светильник Сансет Black,5990,https://www.divan.ru/product/podvesnoj-svetilnik-sanset-black
Подвесной светильник Минки-1 Black,2990,https://www.divan.ru/product/podvesnoj-svetilnik-minki-1-black
Подвесной светильник Эллис-3 Black,5590,https://www.divan.ru/product/podvesnoj-svetilnik-ellis-3-black
Подвесной светильник Даклин Red,3990,https://www.divan.ru/product/podvesnoj-svetilnik-daklin-red
Подвесной светильник Маро Green-3,25 590,https://www.divan.ru/product/podvesnoj-svetilnik-maro-green-3
Подвесной светильник Priddy,9890,https://www.divan.ru/product/podvesnoj-svetilnik-priddy
Светильник потолочный Парма White,5290,https://www.divan.ru/product/svetilnik-potolochnyj-parma-white
Бра Pinocchio,7990,https://www.divan.ru/product/bra-pinocchio
Бра Фаро Black,2890,https://www.divan.ru/product/bra-faro-black
Бра Бабл Black,1990,https://www.divan.ru/product/bra-babl-black
Подвесной светильник Снэки-5 Grey,7790,https://www.divan.ru/product/podvesnoj-svetilnik-sneki-5-grey
Бра Nevy Silver,8690,https://www.divan.ru/product/bra-nevy-silver
Подвесной светильник Телос White,3090,https://www.divan.ru/product/podvesnoj-svetilnik-telos-white
Подвесной светильник Полярик Silver,6890,https://www.divan.ru/product/podvesnoj-svetilnik-polyarik-silver
Подвесной светильник Лиму-3 Black,5590,https://www.divan.ru/product/podvesnoj-svetilnik-limu-3-black
Бра Visuale,2890,https://www.divan.ru/product/bra-visuale
Бра Lithops-2 Black,2690,https://www.divan.ru/product/bra-lithops-2-black
Бра Варио White,1490,https://www.divan.ru/product/bra-vario-white
Подвесной светильник Бабл-9,19 990,https://www.divan.ru/product/podvesnoj-svetilnik-babl-9
Подвесной светильник Кэндел Black,3990,https://www.divan.ru/product/podvesnoj-svetilnik-kendel-black
Подвесной светильник Алсагер Grey Felt,10 090,https://www.divan.ru/product/podvesnoj-svetilnik-alsager-grey-felt
Светильник потолочный Линг Black,6190,https://www.divan.ru/product/svetilnik-potolochnyj-ling-black
Подвесной светильник Сансет White,5990,https://www.divan.ru/product/podvesnoj-svetilnik-sanset-white
Подвесной светильник Ньютаун-1 Black,11 490,https://www.divan.ru/product/podvesnoj-svetilnik-nyutaun-1-black
Бра Cornus Silver,5590,https://www.divan.ru/product/bra-cornus-silver
Светильник потолочный Лима-1 Black,2650,https://www.divan.ru/product/svetilnik-potolochnyj-lima-1-black
Бра Леон Black,2290,https://www.divan.ru/product/bra-leon-black
Подвесной светильник Robinia Gold,9990,https://www.divan.ru/product/podvesnoj-svetilnik-robinia-gold
Бра Лима Black,2390,https://www.divan.ru/product/bra-lima-black
Подвесной светильник Нести White,6190,https://www.divan.ru/product/podvesnoj-svetilnik-nesti-white
